price,rating,refresh_rate,screen_size,ram,storage
1286.64,3.5,165,7.2,16,128
728.52,4.6,90,6.1,4,64
1086.68,3.4,60,6.2,12,64
1158.78,3.5,120,7.1,6,128
1656.05,4.9,165,6.1,8,512
390.46,4.4,165,6.5,12,512
1172.46,3.2,120,6.5,8,256
1770.77,3.3,165,5.5,8,1024
492.29,3.7,90,7.4,4,256
730.09,4.2,144,6.1,16,128
268.58,4.3,144,7.2,8,512
391.77,4.1,165,5.5,6,256
748.54,4.3,144,6.7,8,256
1640.5,4.7,120,7.0,12,1024
1913.91,3.8,144,6.8,12,512
886.08,3.0,60,5.4,12,256
581.44,3.8,60,5.8,4,256
1414.63,3.1,144,5.7,6,64
1101.51,4.9,60,5.1,12,64
185.01,4.1,90,5.6,4,512
797.35,4.4,120,5.2,16,64
558.68,3.2,144,6.7,6,512
778.17,4.7,165,6.5,16,64
1825.52,4.5,165,5.7,16,256
1653.37,3.1,165,5.3,4,64
487.23,4.1,120,6.9,12,128
317.76,3.7,165,5.9,12,64
927.02,3.4,144,6.8,16,64
654.33,4.6,90,5.9,16,256
1314.08,4.0,120,5.0,16,128
1083.16,3.6,144,6.4,8,128
416.02,3.6,90,7.4,4,1024
387.24,3.3,60,6.0,6,128
1920.96,3.6,120,5.3,6,1024
478.34,3.7,90,6.4,6,512
1635.89,4.1,144,5.7,4,64
1228.51,3.3,165,6.8,16,64
1133.07,3.0,90,6.9,8,128
1044.34,3.3,90,5.6,4,128
1082.71,4.2,90,7.2,16,1024
1493.94,4.1,60,5.2,12,128
374.88,3.6,60,7.0,16,256
1167.08,3.2,60,6.2,8,256
1796.07,4.6,165,6.1,4,64
173.42,3.3,144,7.2,6,64
1202.67,4.8,120,6.0,12,256
1313.92,4.8,120,6.3,6,1024
1211.09,4.7,120,7.1,4,128
1553.44,4.8,60,7.4,8,64
1855.7,3.6,60,5.3,6,256
852.84,4.1,120,6.4,16,256
1887.01,4.1,120,5.5,8,512
1873.9,4.8,165,5.8,4,1024
1871.97,4.2,60,5.7,16,512
1530.19,3.5,90,6.6,6,64
1665.95,4.4,90,6.9,4,256
916.99,3.7,165,7.2,4,1024
452.58,4.9,165,6.5,8,256
836.61,4.1,60,6.2,12,512
1031.37,4.6,60,6.7,6,256
1519.29,3.6,60,7.5,16,256
598.71,3.7,60,7.3,4,512
505.55,5.0,144,5.7,6,128
697.14,3.9,144,6.8,4,128
496.04,4.0,144,7.5,4,64
313.87,3.5,144,7.3,4,512
1226.04,4.6,90,7.2,16,256
1378.52,3.5,144,6.5,6,512
1319.81,4.7,165,6.4,4,256
1670.75,4.7,120,5.0,4,1024
1176.92,3.9,165,5.2,8,512
864.69,4.5,144,5.8,16,512
1511.65,4.6,120,5.7,4,512
1070.43,3.9,165,5.2,8,128
1580.76,3.7,60,5.7,8,64
1873.06,4.3,165,7.3,4,64
304.41,4.8,165,5.0,16,256
1279.05,4.5,165,6.6,16,128
160.34,4.4,144,5.7,4,128
1361.32,4.8,120,6.6,6,64
1746.33,4.4,90,5.5,4,128
1997.29,3.8,144,5.4,6,64
513.13,3.3,144,6.0,16,256
968.21,3.9,165,7.3,8,256
370.53,4.1,144,5.5,6,512
1439.69,4.5,165,6.3,6,512
1618.54,3.4,90,5.9,8,512
1583.7,4.3,144,7.1,6,1024
1241.34,3.5,120,6.9,4,64
452.05,3.6,60,5.7,8,128
675.37,4.2,60,5.7,6,256
905.84,3.3,165,6.5,6,64
281.01,4.4,90,6.3,6,64
168.83,3.5,120,5.1,16,512
258.74,3.9,90,5.2,16,512
817.78,4.1,60,7.2,4,1024
1833.86,3.9,60,5.7,8,512
1584.31,3.6,120,5.8,8,1024
1797.36,4.3,60,6.7,6,128
943.42,4.7,120,6.3,4,1024
1016.64,3.5,60,7.4,8,256
199.39,4.5,60,5.9,4,64
205.12,4.1,120,5.2,4,256
1947.56,3.8,60,6.2,12,64
703.84,3.8,120,7.1,8,256
965.51,4.7,144,5.5,12,128
1341.02,3.8,90,7.2,6,1024
604.13,3.4,60,6.4,16,64
1629.14,3.5,120,5.7,16,512
177.3,3.1,165,6.3,8,64
800.5,3.9,120,6.0,4,512
393.91,4.0,120,5.3,16,128
244.95,3.7,144,6.6,12,128
208.38,4.8,120,7.5,16,128
973.02,4.0,60,7.4,12,256
757.37,3.3,60,6.5,6,256
1366.6,3.8,144,7.0,4,256
1669.78,4.9,144,7.4,4,1024
235.83,3.7,90,6.4,6,128
1241.63,3.1,120,5.5,8,512
1370.53,4.7,144,5.5,8,1024
808.01,4.9,90,5.7,12,256
638.44,3.1,120,5.1,12,64
1507.33,3.8,144,7.2,16,128
310.32,3.4,90,5.3,12,512
1875.91,4.2,120,6.8,16,1024
511.75,4.2,165,6.8,4,256
1826.2,3.5,144,5.6,12,256
1710.58,4.0,120,5.2,8,64
1787.41,4.5,120,7.2,6,256
717.74,4.7,144,5.5,4,128
1674.28,4.4,90,6.9,8,256
426.5,3.5,120,6.8,16,128
532.12,4.8,120,5.7,16,128
1521.57,3.3,120,6.2,4,64
345.48,3.7,120,6.5,8,512
389.71,3.9,90,6.4,6,64
1209.77,3.7,60,6.1,8,64
1983.75,4.1,144,6.6,8,128
211.38,3.2,144,7.4,6,256
1667.89,3.9,90,7.5,6,1024
1463.59,3.3,144,5.8,16,64
585.12,4.4,165,5.4,16,1024
1589.14,3.1,144,7.4,4,1024
639.01,3.8,60,5.9,8,64
1473.58,4.4,165,7.0,4,1024
1310.35,3.8,165,7.0,12,1024
1797.97,4.6,60,5.4,6,1024
1985.54,4.4,60,7.0,12,256
1731.03,3.5,120,7.4,6,1024
249.07,4.4,165,6.3,8,64
1476.59,3.7,60,5.0,8,1024
1337.34,4.1,60,7.0,16,1024
518.6,4.7,120,6.3,4,1024
1121.85,4.5,165,6.0,4,128
1527.62,4.3,60,7.3,16,128
1834.74,3.2,120,7.4,8,512
1779.08,4.4,120,5.6,12,1024
262.12,3.6,90,7.3,6,1024
1869.95,3.2,165,6.1,6,256
906.87,3.6,60,5.5,16,256
471.71,4.9,165,7.2,16,128
964.0,3.7,165,7.2,16,512
710.19,3.5,90,6.6,16,1024
582.86,4.5,120,5.8,8,128
1079.84,4.0,165,7.4,4,256
1751.29,4.3,120,5.1,8,128
905.83,3.3,90,7.0,8,128
1996.83,3.9,165,5.8,6,128
1387.59,3.1,60,6.2,16,512
1779.24,3.6,165,7.2,8,128
722.16,3.7,60,6.4,8,256
1413.31,4.2,165,5.8,12,256
848.09,3.3,60,7.4,12,256
1628.15,3.1,144,6.7,4,1024
1548.42,4.3,120,6.2,16,128
1615.1,5.0,90,7.3,16,64
1841.88,3.6,90,7.1,16,128
212.23,4.2,144,7.1,16,1024
1791.43,3.9,120,7.1,8,256
320.06,4.9,60,5.5,12,512
1064.69,3.3,165,7.1,8,128
566.39,4.1,165,6.3,4,128
394.98,3.9,120,6.7,12,512
743.86,4.8,120,7.4,4,1024
478.4,4.4,60,6.2,6,512
1114.83,3.3,165,5.6,8,256
219.81,4.5,90,7.4,6,256
1556.26,4.4,120,5.0,6,1024
859.12,4.0,144,5.1,6,64
966.88,4.8,165,6.0,12,64
1432.15,4.4,60,6.5,6,64
555.27,3.2,165,6.8,4,512
151.93,3.3,144,6.9,4,1024
843.73,3.3,60,7.2,4,256
946.6,4.0,120,6.0,4,128
1908.01,3.6,90,6.5,4,512
455.93,4.9,60,6.2,4,256
849.31,4.2,165,6.7,16,1024
1130.38,4.2,60,6.0,8,256
1590.65,5.0,60,6.4,6,1024
688.72,4.3,60,6.2,16,64
1806.71,4.5,120,5.2,16,64
673.28,5.0,60,7.2,4,256
1333.25,4.4,60,6.3,12,64
763.76,3.6,90,5.7,8,1024
298.99,4.4,144,6.4,6,1024
1785.19,4.4,120,6.1,16,1024
1235.11,4.0,165,5.8,4,1024
243.52,3.1,60,6.3,16,256
1044.28,3.2,165,5.3,8,256
979.45,3.4,144,7.1,16,128
1380.71,3.1,144,5.8,6,64
374.51,3.8,120,5.8,4,512
1494.81,3.0,60,5.3,6,1024
1884.59,3.3,165,6.7,4,128
760.09,3.9,144,7.1,16,64
971.53,3.8,120,6.0,4,64
1566.69,3.4,120,6.1,8,64
202.14,3.6,90,6.1,16,256
1000.59,3.7,165,5.4,8,64
433.94,3.1,144,5.1,6,512
301.95,3.5,90,6.1,8,256
1091.54,3.0,165,7.1,6,64
691.64,4.2,120,6.8,16,128
502.28,3.5,90,7.1,4,64
901.6,4.4,120,6.3,16,1024
534.11,4.5,90,6.0,6,128
1428.96,3.4,120,5.9,8,64
951.01,4.1,120,5.7,4,512
1746.24,4.8,144,6.7,6,64
537.59,4.7,90,6.3,12,512
1138.5,4.3,90,7.1,16,128
723.93,4.8,144,5.3,6,1024
1399.63,4.6,165,7.2,8,1024
506.62,3.1,120,5.6,6,512
1221.72,4.3,144,5.8,6,128
1932.23,3.7,60,5.1,12,256
450.99,4.4,90,5.5,12,64
1236.31,4.6,144,6.9,12,64
670.02,3.7,144,6.8,12,64
1918.77,4.1,165,6.6,8,1024
249.54,4.0,60,6.8,12,128
1273.55,4.2,120,5.1,4,1024
1034.98,4.0,60,7.4,12,1024
1555.0,3.6,165,7.1,6,512
1941.21,3.0,144,6.8,6,256
1437.85,4.9,165,6.9,6,128
1235.13,3.6,90,7.0,12,256
1335.3,4.3,120,6.2,16,128
1229.16,3.4,60,6.0,6,1024
979.11,4.8,144,7.1,8,64
226.01,4.4,144,5.8,8,512
1548.26,4.0,90,7.5,4,512
659.8,4.6,165,7.4,12,256
1030.14,3.5,120,6.6,12,256
1813.08,3.8,60,5.6,16,512
680.8,3.3,120,5.4,6,256
788.87,4.2,90,6.1,16,256
1897.83,3.2,144,5.1,4,512
1340.93,4.3,165,5.9,6,512
1864.83,4.5,144,6.0,6,128
1634.5,4.5,144,7.2,12,128
1509.89,3.9,120,5.1,12,512
1263.64,4.8,60,6.9,4,512
628.32,3.2,165,6.1,8,512
1076.49,4.6,144,7.1,16,1024
569.35,4.7,165,6.1,8,128
1115.1,3.8,90,6.2,12,512
1415.18,3.5,90,5.6,16,64
1009.62,3.8,120,7.0,8,256
1649.94,4.1,90,6.7,16,64
1241.45,3.0,90,6.7,4,256
769.28,4.4,144,7.0,16,256
975.68,3.6,90,6.9,6,1024
342.94,4.5,144,6.0,8,512
918.96,4.8,60,7.1,4,128
1394.84,4.9,60,6.1,8,64
1811.13,4.4,60,5.6,6,64
1823.98,4.5,120,5.2,6,1024
1747.67,3.9,165,5.2,16,64
1742.83,4.0,165,5.8,4,128
1413.7,4.3,165,7.3,16,1024
1727.13,3.9,120,7.3,6,1024
1619.99,3.0,144,5.3,16,512
1078.4,4.9,60,5.8,4,64
668.57,3.7,165,5.2,4,64
560.87,4.2,144,5.7,16,512
639.41,3.4,165,7.0,16,128
1319.91,3.3,60,7.4,12,512
1593.93,4.6,144,6.7,8,1024
510.87,3.2,120,5.2,6,256
1169.34,4.9,60,6.9,16,256
1233.69,4.8,144,5.6,6,128
973.77,3.5,60,7.5,16,256
1779.82,3.8,60,6.7,6,1024
1585.23,3.9,90,6.1,8,1024
1681.54,3.4,90,7.4,8,256
852.32,3.9,144,5.5,4,256
1920.15,3.1,60,6.9,8,256
228.39,4.9,165,6.3,8,256
1162.26,3.5,60,7.0,12,64
654.86,3.2,120,5.4,6,256
445.81,4.8,120,6.1,4,128
1335.99,3.2,144,7.1,12,64
414.7,3.6,144,5.7,16,64
1266.92,3.7,90,5.1,8,256
1895.0,3.2,120,5.6,12,1024
1343.11,3.9,60,6.7,6,64
383.33,3.4,60,5.3,16,128
1042.22,4.3,60,6.2,4,128
1353.12,4.8,165,7.4,6,128
312.55,3.8,165,5.1,6,64
591.36,4.9,120,6.1,16,512
401.09,3.8,60,5.4,4,256
374.7,3.7,144,6.8,4,64
1249.3,4.5,144,7.1,12,512
1549.29,3.9,144,5.0,6,64
627.72,3.6,165,7.2,12,1024
395.89,4.3,90,7.4,6,512
1309.44,3.2,60,6.9,4,1024
1409.02,3.6,120,6.6,16,256
559.32,4.5,90,7.0,8,512
1221.12,4.0,165,5.4,4,1024
1476.01,3.5,165,5.1,6,512
1350.47,4.7,144,5.3,4,64
867.39,3.5,60,5.4,6,128
530.42,4.6,90,6.7,8,128
1992.72,3.9,165,6.7,12,512
1781.66,4.1,120,6.3,12,128
406.51,3.1,165,6.8,4,128
1843.01,4.2,90,7.3,16,64
190.18,4.9,165,7.2,8,256
1192.65,4.8,165,6.5,16,1024
538.57,4.6,60,5.3,6,128
1081.13,4.7,120,6.9,12,512
413.1,3.5,60,6.1,12,1024
1008.07,3.9,144,5.6,6,128
1284.75,4.8,165,6.0,16,128
1455.18,4.1,120,6.4,4,64
1272.34,4.0,165,6.9,12,1024
283.37,3.1,165,5.1,16,512
1409.47,3.9,165,6.9,12,256
1596.56,4.2,90,7.0,8,256
1359.17,3.6,60,5.0,6,64
1803.74,3.7,120,5.9,4,1024
735.79,4.1,120,5.0,16,1024
704.08,4.7,120,5.0,16,128
1830.26,5.0,165,6.7,6,256
752.72,4.5,144,5.5,4,256
567.06,5.0,120,5.4,6,64
667.3,3.9,90,6.8,12,256
1791.22,3.0,144,7.4,16,512
1726.48,3.2,165,7.3,6,512
1938.62,4.5,165,5.4,4,128
1747.77,3.8,120,5.2,6,512
1242.47,4.0,90,7.5,16,512
640.68,3.8,90,5.3,6,512
1479.52,3.2,144,6.7,12,1024
1112.81,3.2,90,6.5,4,128
1628.8,4.3,144,5.4,6,256
671.57,3.0,90,7.0,16,128
1198.51,4.8,165,7.4,4,1024
1745.97,4.1,90,6.2,4,1024
1788.6,3.5,144,6.1,4,1024
1947.18,3.2,60,6.9,6,512
1424.09,3.1,144,5.5,16,1024
1885.34,4.0,90,7.3,4,128
1483.92,4.9,120,7.3,4,128
1044.95,4.0,60,7.4,4,1024
1083.26,3.2,165,7.1,12,1024
1351.85,3.4,144,6.4,12,512
258.55,3.1,90,7.4,8,512
440.49,3.7,120,6.8,16,64
1605.08,4.6,120,5.4,16,256
1502.99,3.3,60,6.1,16,64
1297.75,4.9,90,7.3,8,512
1902.71,5.0,165,5.1,8,64
1950.48,4.1,90,6.0,12,512
404.48,4.1,120,6.6,8,512
1988.74,3.5,165,6.8,16,64
1815.96,3.5,120,6.5,4,64
710.75,3.2,90,6.8,12,128
1468.25,3.1,90,6.7,6,256
609.15,4.9,60,5.3,16,512
753.04,4.4,90,6.0,16,512
353.18,3.5,165,5.8,6,128
1023.53,4.4,165,5.1,6,256
1615.61,4.6,144,7.2,4,64
1320.22,3.5,165,6.7,8,1024
1911.76,4.8,120,7.2,4,256
1268.4,3.2,165,5.3,6,256
1283.45,3.1,120,6.0,12,1024
803.49,3.3,60,7.3,8,512
519.41,3.5,90,6.9,12,64
1889.04,3.2,120,5.5,4,64
184.75,3.7,90,5.8,16,64
1272.76,4.1,144,7.4,16,64
1296.86,3.3,165,7.1,4,1024
937.0,3.9,144,5.8,6,256
770.55,4.2,90,5.4,16,128
1011.31,3.7,144,5.3,12,512
378.65,3.1,120,7.3,8,128
1137.1,3.5,60,6.0,6,1024
1399.13,4.7,90,5.5,4,256
1021.12,3.6,90,6.0,16,256
746.37,3.1,90,6.0,16,1024
1589.47,5.0,60,6.2,4,256
1935.61,3.3,144,6.8,12,64
1198.3,3.0,165,7.5,8,64
402.64,3.7,60,5.9,8,64
1941.39,4.5,120,7.1,6,64
1431.02,3.2,60,7.4,12,128
810.49,3.4,120,5.9,16,128
1140.69,4.0,60,6.4,8,1024
970.49,4.8,144,5.5,8,512
857.38,4.2,120,6.9,4,64
322.9,3.4,144,5.1,12,256
1725.1,3.9,165,6.1,8,128
801.28,3.2,165,7.0,8,256
1450.33,5.0,90,5.9,16,128
287.56,3.1,90,5.3,16,512
181.13,3.1,165,6.9,6,128
176.78,4.5,90,6.5,12,128
543.56,3.6,144,6.4,6,128
577.71,4.7,120,5.3,4,256
517.33,3.6,144,5.1,6,512
779.91,3.5,90,6.4,4,1024
331.8,4.8,60,5.4,4,64
1189.53,3.2,144,5.7,16,1024
1917.96,3.6,120,6.6,8,128
650.78,4.2,165,6.9,4,512
1931.39,4.6,165,6.8,6,128
702.06,3.6,144,7.0,8,64
788.15,4.5,165,5.5,12,1024
356.29,4.6,90,7.4,16,1024
165.46,3.3,90,5.1,8,512
632.89,3.0,144,5.6,16,512
401.39,4.4,165,5.9,8,1024
577.49,3.1,120,5.2,12,256
1793.14,4.8,90,5.6,12,256
1335.12,3.3,144,6.1,12,256
845.83,4.8,90,6.6,4,512
1136.31,4.3,165,5.5,12,256
809.11,3.7,90,6.5,4,256
852.46,3.6,144,5.1,6,1024
456.03,3.9,90,6.7,16,64
828.8,4.9,120,5.3,16,512
846.35,4.4,90,7.0,4,64
1363.82,4.3,90,5.9,8,512
904.86,3.5,144,7.2,16,128
335.46,3.6,120,6.4,4,256
201.04,4.0,120,5.9,12,512
710.95,3.8,144,6.1,12,64
700.18,4.4,60,7.2,8,1024
1483.68,3.7,165,6.3,8,512
434.11,4.2,165,7.2,12,1024
401.91,3.9,90,6.9,16,512
1458.13,3.2,90,6.6,16,128
1036.08,4.5,120,6.9,6,128
1514.24,4.2,165,6.8,16,256
977.0,3.4,120,7.4,12,1024
286.12,3.7,165,6.5,4,64
551.96,4.6,144,7.5,6,256
1002.6,4.4,90,5.3,8,1024
792.07,4.7,90,6.4,6,1024
1823.49,4.5,60,6.0,16,128
1455.83,4.5,144,6.4,6,64
1411.81,4.6,144,5.6,16,64
1737.2,3.4,144,7.1,6,64
1419.98,4.2,165,5.2,6,1024
1661.09,3.6,144,5.2,6,512
1141.69,4.5,60,5.4,6,512
217.64,3.6,120,5.5,12,128
1238.29,4.6,90,5.1,16,64
1099.54,3.9,165,5.9,16,64
1959.39,4.0,90,6.8,12,1024
701.99,3.3,165,7.0,16,1024
550.91,3.7,60,5.3,16,256
1795.41,3.0,60,6.5,8,1024
1408.0,3.7,144,7.0,12,256
1152.15,4.4,60,6.6,6,512
644.62,4.6,144,7.1,6,1024
607.24,4.2,165,6.3,16,64
1646.37,3.5,90,6.8,16,64
1646.6,3.0,120,5.4,8,128
1614.63,3.4,144,6.4,6,512
679.77,3.6,144,6.0,16,1024
1028.43,4.8,60,5.8,4,128
263.73,4.6,120,5.5,4,64
1455.6,4.9,120,5.2,16,64
347.52,4.7,165,6.4,16,256
1233.87,4.0,120,7.0,6,64
1586.71,4.6,60,5.6,6,64
1614.06,4.6,165,7.4,16,1024
1399.56,3.7,60,5.2,8,64
1709.87,3.9,120,5.6,8,128
745.4,3.8,144,6.0,6,256
1757.81,4.5,60,5.4,8,256
1307.69,4.6,90,7.1,16,64
1627.5,4.9,120,5.9,6,256
836.2,4.9,120,6.8,16,512
1067.38,4.3,165,6.3,8,128
371.08,4.3,165,6.5,8,512
354.89,3.5,144,5.1,16,128
1802.47,3.4,90,6.7,8,512
238.34,4.5,165,7.0,16,1024
1109.04,3.8,144,5.0,12,512
151.96,3.0,90,5.5,8,512
1229.73,4.8,144,5.5,12,1024
1000.88,3.5,144,6.1,4,512
629.24,5.0,165,5.2,6,128
1169.31,4.9,165,5.9,8,128
1119.47,4.3,90,6.8,6,512
1674.29,3.6,144,7.1,6,512
1087.2,3.7,120,5.5,16,512
1371.37,4.4,144,7.0,16,1024
493.12,3.8,165,6.8,16,256
1357.0,5.0,144,7.1,16,128
1909.94,5.0,165,6.1,16,512
1257.18,4.7,144,5.1,8,128
804.06,4.8,144,6.8,16,512
1203.55,3.6,144,6.4,6,1024
1768.79,3.2,120,6.9,6,128
635.0,4.1,120,7.2,6,128
1513.82,3.4,60,5.7,12,64
1849.02,4.0,90,5.9,16,64
243.96,4.9,90,5.2,8,64
647.22,3.1,144,5.2,16,64
234.56,4.6,165,7.3,6,64
464.29,3.9,120,5.9,16,128
491.84,4.9,60,5.6,8,256
481.72,3.5,90,6.9,8,512
290.59,3.5,144,7.2,8,64
1733.22,3.8,60,6.4,8,256
1146.99,4.5,90,6.9,12,512
1580.31,4.7,165,6.1,6,64
1131.23,3.1,60,5.3,16,1024
1072.89,4.1,90,5.7,8,512
296.48,3.1,120,5.9,4,512
1748.75,3.1,165,5.7,12,64
716.83,3.8,120,6.6,8,1024
503.31,3.2,120,6.7,12,64
745.83,3.2,60,6.8,12,128
1175.08,3.6,120,5.7,4,128
365.43,3.0,165,5.8,4,512
892.17,3.6,90,5.9,4,1024
232.99,4.1,165,5.4,4,512
1977.02,3.5,120,7.3,16,512
1681.35,3.8,60,5.8,4,128
559.13,3.1,144,7.4,6,1024
1421.86,4.6,120,5.9,4,128
1077.67,3.9,120,5.2,4,256
1555.13,3.3,60,6.5,4,64
379.61,4.2,165,6.5,12,64
1337.47,4.2,60,5.8,4,64
1970.26,4.3,120,6.1,12,1024
920.67,3.3,60,6.2,6,64
1797.42,3.2,120,6.9,12,512
704.93,3.6,120,5.8,16,256
381.5,3.7,60,5.8,8,64
1384.21,4.6,165,5.5,6,512
1508.64,3.9,60,5.2,8,512
215.72,3.6,144,5.0,12,64
1590.19,4.1,120,6.2,12,512
1472.9,4.4,60,7.3,4,1024
1057.01,3.7,90,5.0,12,64
458.55,3.6,144,6.4,8,512
405.08,4.6,90,6.4,6,64
267.05,4.3,90,5.2,12,512
1535.82,4.4,60,6.6,16,64
960.77,4.9,90,7.1,16,64
1817.73,5.0,120,5.6,8,1024
1108.39,3.2,60,7.1,4,1024
1300.07,3.0,144,5.5,4,256
1709.1,3.5,90,7.0,12,64
508.12,4.8,90,7.0,8,64
1221.74,4.3,120,6.3,6,512
298.48,4.9,165,6.5,16,256
244.54,3.5,165,6.3,6,256
901.42,4.4,144,6.6,16,1024
1236.64,3.1,144,5.9,16,512
1184.89,4.6,144,6.1,4,128
388.91,4.1,90,6.2,8,128
402.46,3.3,144,6.1,16,128
730.72,3.0,60,6.3,6,512
1619.29,3.5,165,7.0,12,64
1833.07,3.4,90,7.4,6,1024
285.72,3.4,120,5.8,8,64
1323.57,4.1,60,6.0,8,64
819.39,5.0,144,5.2,4,64
1173.94,4.8,60,6.9,16,64
1309.95,3.3,144,7.1,16,64
953.18,5.0,144,6.6,16,512
440.11,3.8,90,7.2,12,64
1682.7,5.0,165,6.3,6,512
1046.15,4.5,60,7.1,4,512
392.67,4.3,120,5.8,4,64
664.9,3.7,60,5.4,4,256
1965.74,4.4,60,6.8,8,128
496.51,4.4,120,5.1,4,256
1874.75,4.5,144,5.4,6,512
389.26,3.2,60,5.4,12,128
1961.13,3.5,120,6.7,6,256
1721.88,4.3,144,5.1,8,256
656.91,3.2,60,7.2,6,512
1513.9,4.7,90,5.8,6,256
1127.82,4.8,60,6.9,16,512
849.58,4.8,165,5.3,12,512
900.68,5.0,60,6.6,6,128
1072.0,5.0,165,7.5,8,256
1302.97,3.2,120,6.2,4,512
1064.33,3.6,165,5.4,8,1024
1034.38,4.8,120,5.9,16,64
1018.64,3.2,144,5.3,6,512
1161.03,3.1,120,5.6,8,256
312.82,4.9,144,5.4,16,64
1655.2,4.8,144,5.7,6,64
1597.34,3.9,90,6.7,8,256
265.64,3.5,144,7.3,16,1024
841.27,4.1,144,7.4,16,128
1912.58,4.9,60,5.2,6,256
1731.46,4.5,120,6.0,8,256
1405.64,4.1,60,6.7,4,256
475.78,3.8,90,6.9,6,128
1595.13,4.2,144,7.3,8,1024
1011.01,3.6,144,5.2,8,64
1674.24,3.4,165,7.3,12,128
1048.72,4.4,144,7.3,16,64
485.67,4.7,165,6.9,8,1024
1400.23,3.7,120,6.2,12,1024
1010.31,3.5,60,5.3,16,128
584.04,3.8,165,6.4,8,1024
1364.71,4.1,120,7.3,12,128
1325.69,4.5,120,7.2,8,1024
1293.78,4.0,90,6.0,8,64
1165.19,3.3,60,5.5,16,64
1968.58,4.9,120,6.9,4,512
447.03,3.4,60,6.3,6,64
1601.43,4.8,120,5.9,4,512
815.38,4.0,165,6.8,6,64
1603.62,5.0,60,5.3,6,256
388.3,4.1,120,6.5,8,64
1062.5,3.0,60,5.9,4,256
844.82,3.2,90,6.6,12,128
1779.05,4.7,90,6.0,6,256
739.52,4.3,165,7.4,16,64
1845.14,3.3,90,5.1,6,1024
618.37,4.4,90,5.3,16,256
1443.26,4.0,144,6.2,12,128
1403.34,3.5,60,6.9,8,64
1256.17,5.0,120,6.4,16,256
1866.75,4.5,90,5.5,12,128
875.75,4.8,120,5.3,8,128
929.26,4.4,60,6.6,16,1024
415.47,3.0,120,5.6,6,256
1496.29,4.8,165,5.6,4,1024
1933.26,3.8,144,5.3,6,128
1927.77,4.2,165,5.8,8,64
494.79,4.9,90,7.4,4,1024
714.99,4.3,144,6.3,12,1024
424.18,4.7,165,5.6,8,256
1867.75,4.5,144,5.4,12,64
914.78,4.2,120,7.3,8,512
877.32,3.6,120,6.1,4,1024
1323.01,4.3,144,6.1,16,256
1422.89,4.8,90,5.3,12,64
995.04,4.7,165,5.6,8,64
1785.28,4.4,60,7.1,6,512
1913.92,4.0,144,6.4,16,64
1526.54,3.2,90,6.9,4,512
459.1,3.3,165,7.5,4,512
1110.61,3.5,165,5.1,16,512
1303.22,4.0,60,6.5,6,1024
1237.78,4.2,165,5.7,16,64
1206.64,4.0,144,5.1,12,1024
1451.89,4.1,60,6.6,12,128
578.41,3.4,90,6.5,6,256
1297.1,3.8,60,7.3,6,128
1065.46,5.0,60,6.6,6,128
1605.29,4.5,90,6.7,8,128
1350.41,4.3,60,5.6,6,64
1277.26,4.6,90,6.9,12,256
1514.37,3.6,144,5.1,4,128
402.77,4.0,90,6.8,6,128
1263.14,3.3,144,5.9,4,128
1774.12,4.9,90,5.9,6,128
1689.52,4.2,90,7.5,12,64
325.96,4.5,90,5.8,4,1024
433.4,3.4,120,7.2,4,1024
1849.93,5.0,165,7.1,4,256
893.26,3.7,144,5.3,6,64
1406.19,3.1,120,6.9,4,512
953.49,4.8,60,7.2,4,512
1770.39,4.2,120,5.5,4,256
174.57,4.3,144,5.0,16,256
1036.18,4.2,165,6.8,8,256
1390.15,4.3,165,6.2,12,128
1732.43,3.4,120,6.0,12,1024
344.33,3.9,165,7.1,16,128
1936.79,3.8,120,5.6,8,64
1060.91,4.0,144,6.0,12,128
953.06,4.4,60,6.3,8,64
545.11,4.2,165,7.4,6,64
1039.9,4.8,120,5.0,4,512
597.18,4.5,90,6.5,6,256
1190.16,3.7,90,6.9,8,512
708.73,5.0,90,5.6,16,128
1738.2,4.4,60,6.6,6,512
1622.98,4.3,144,6.2,4,128
829.54,3.7,144,5.7,16,64
1436.38,3.0,90,6.0,16,256
1763.02,3.5,120,6.6,12,128
1725.87,4.4,60,5.4,8,512
589.62,3.9,90,6.3,12,512
1901.51,3.6,144,6.8,8,128
1316.52,3.1,60,6.3,16,256
504.23,3.3,144,6.1,4,1024
1636.62,3.7,165,7.2,6,512
1957.53,4.7,90,5.9,6,256
952.37,3.3,60,6.7,4,512
1810.26,4.9,120,7.1,8,64
1872.41,3.5,144,6.9,12,64
734.27,4.2,60,6.1,4,64
188.03,4.1,165,7.4,12,1024
1982.39,3.0,90,6.3,8,64
920.8,3.8,165,5.1,16,1024
1503.66,3.8,90,5.4,6,1024
762.57,3.6,120,5.1,12,1024
1732.97,4.4,165,6.7,4,64
336.37,4.9,144,5.6,4,512
809.81,3.1,165,7.0,4,1024
926.6,3.5,120,6.4,8,64
766.31,4.7,60,5.1,4,1024
1713.94,4.0,90,5.2,12,512
1192.5,4.6,120,5.3,12,512
1534.03,4.5,60,5.3,4,512
1939.85,4.5,165,5.2,16,512
871.19,3.3,90,5.8,4,64
1391.89,4.6,120,7.0,16,1024
1258.39,4.7,90,6.0,8,512
1695.56,3.4,144,7.3,12,512
1507.87,4.0,120,5.2,12,128
1103.67,4.1,165,5.5,6,64
628.52,3.8,120,7.4,16,128
1165.97,3.4,144,6.0,4,512
1231.12,3.3,60,7.1,4,128
830.44,3.9,165,5.3,12,128
1788.78,4.6,120,7.3,4,512
1577.18,4.7,90,5.3,12,512
1621.09,4.7,90,6.5,12,512
1549.49,3.2,90,5.2,8,1024
349.65,4.0,60,5.8,8,64
495.36,4.2,120,6.2,16,128
1439.93,4.0,60,6.4,16,128
241.14,3.5,90,7.1,4,64
584.32,3.6,144,7.1,6,64
793.75,4.3,90,5.8,8,1024
772.97,3.8,90,6.9,16,128
481.83,4.3,165,6.1,12,512
1624.29,4.1,120,5.0,6,1024
695.28,4.3,60,5.1,12,1024
688.55,3.2,120,6.2,6,64
1373.73,4.2,120,6.0,16,512
1365.95,4.5,60,6.7,12,128
419.55,3.3,144,6.0,6,1024
1971.9,3.7,120,5.6,12,256
997.71,3.9,144,5.3,8,512
1880.83,4.4,144,7.5,12,64
802.71,4.4,165,5.2,16,256
944.65,4.3,120,5.6,6,128
1946.69,4.1,165,6.1,4,128
349.86,4.7,60,7.3,4,128
1532.89,3.2,165,6.5,16,64
1598.76,3.6,165,5.4,12,64
260.04,4.1,165,6.4,16,256
1078.11,3.4,90,6.1,12,512
1991.84,3.1,144,6.7,16,256
846.0,3.4,165,5.4,8,1024
187.48,3.9,60,6.3,6,64
1043.43,4.4,144,5.9,4,512
765.36,4.2,120,6.9,8,64
1669.36,3.3,165,6.3,8,64
1409.14,4.2,90,5.6,4,512
1641.19,3.3,60,6.6,12,1024
1761.08,4.5,60,7.4,16,64
1324.09,4.5,144,6.1,8,512
200.39,4.5,144,6.2,4,1024
1289.31,4.7,120,7.2,6,128
278.27,3.0,144,7.0,4,512
1001.59,3.5,90,5.2,6,256
1558.52,4.9,60,5.8,4,128
863.05,3.9,165,5.7,4,512
486.42,4.1,165,5.4,16,128
591.59,4.6,120,5.3,8,128
1757.05,3.1,144,7.5,12,1024
1341.66,3.5,165,5.0,4,256
1610.01,3.3,90,5.6,4,128
174.22,3.5,60,7.1,12,512
1266.08,3.7,120,5.8,8,1024
518.46,3.9,60,5.1,8,256
544.23,3.2,60,7.1,8,256
1509.0,3.5,90,7.4,16,1024
580.26,3.4,165,7.3,12,256
415.81,3.7,90,6.8,16,256
469.52,3.0,60,7.2,8,128
1901.12,4.2,60,7.1,16,1024
1814.6,4.0,144,7.2,4,128
1153.02,4.8,60,5.7,4,128
844.02,3.9,90,7.3,8,512
501.47,3.5,120,6.6,16,512
854.79,3.5,90,5.5,6,512
1908.87,4.6,144,6.8,6,512
1561.51,3.7,144,6.3,6,512
173.32,4.1,90,7.1,6,128
960.75,3.6,144,5.4,12,64
1719.42,3.5,90,7.0,12,512
1426.12,4.3,144,5.4,16,512
415.95,4.0,144,7.3,4,512
993.47,3.3,60,5.8,6,128
374.92,3.7,60,6.9,6,64
1301.75,3.3,120,6.7,6,128
1421.54,3.5,144,5.9,6,64
987.2,3.1,165,6.0,4,64
834.11,4.0,90,6.6,16,256
760.82,3.0,165,5.6,12,64
1450.92,3.9,165,5.1,16,1024
1089.99,4.2,90,5.4,8,256
1975.73,4.8,165,5.0,12,256
1230.66,3.3,120,7.4,4,512
652.79,4.7,90,6.4,8,128
1915.29,4.7,165,6.9,12,512
1643.09,4.4,90,5.1,12,128
1597.81,3.6,60,6.9,8,512
755.18,3.3,165,7.2,4,256
959.4,3.6,90,6.1,16,64
837.37,4.1,90,7.1,6,128
671.04,4.1,120,6.9,16,64
1438.46,3.2,90,5.3,8,256
178.2,4.9,90,6.3,4,64
1025.6,4.9,120,6.7,16,128
709.92,4.6,165,6.9,6,512
1743.45,4.1,120,7.1,16,256
1767.76,4.8,165,6.4,8,256
985.32,4.5,90,5.5,8,64
1225.83,3.8,90,6.4,8,256
468.21,4.5,120,7.0,16,1024
1043.86,3.6,90,7.2,4,1024
1956.64,4.7,120,7.5,6,64
1321.01,4.9,90,7.5,8,1024
459.06,3.4,144,6.3,6,64
263.32,4.6,165,7.0,4,256
1220.93,4.8,144,6.5,16,512
1609.37,3.1,90,5.7,4,64
239.08,3.8,90,6.0,12,256
1318.04,4.2,60,6.1,4,512
379.67,3.3,165,5.9,16,128
1235.93,4.6,90,5.5,16,1024
1614.47,4.7,90,5.6,6,1024
773.87,5.0,60,7.5,4,256
814.75,4.0,144,7.4,16,128
1869.14,4.2,120,6.9,12,64
1770.22,4.5,165,7.1,8,128
1399.22,3.3,144,6.8,6,256
409.16,3.5,120,5.6,12,512
1833.93,4.6,120,7.2,4,64
1297.14,4.8,120,5.4,6,64
1493.66,3.3,120,5.3,4,256
1051.84,3.2,120,5.3,12,128
283.74,4.5,144,6.5,12,64
1006.35,4.8,60,6.6,16,64
1347.92,3.6,120,5.8,6,256
877.56,3.5,90,7.1,16,512
1659.54,4.8,60,5.9,16,64
1845.81,3.1,60,5.2,8,128
436.76,4.9,60,5.4,12,256
487.33,4.1,120,5.1,6,512
485.93,4.4,120,7.2,16,128
1805.65,4.2,90,5.4,4,128
1414.82,4.2,90,5.2,16,64
1740.97,3.2,144,5.2,6,1024
1921.07,4.7,90,6.4,4,256
503.31,3.4,144,6.8,12,1024
523.97,4.5,90,5.7,6,128
965.53,4.1,120,6.1,16,128
908.73,4.4,60,6.5,4,64
1957.35,4.1,120,6.7,8,256
630.99,3.7,90,5.9,4,1024
1619.45,3.8,165,6.4,8,256
1029.63,4.4,120,7.2,8,128
1404.49,3.6,60,5.3,4,64
988.41,3.1,165,6.2,6,1024
1807.78,4.7,120,5.4,8,1024
737.91,4.3,60,5.3,12,64
1481.94,3.7,60,6.8,12,64
683.62,4.5,90,5.4,12,256
1238.16,4.8,90,7.5,6,1024
1912.89,4.6,90,5.1,6,64
519.86,4.6,144,6.6,6,64
1115.84,4.4,120,6.5,4,64
1715.36,4.2,60,6.3,6,512
1875.09,3.9,90,7.3,16,512
1991.27,3.1,120,5.2,16,1024
1608.35,3.3,165,5.6,16,64
949.5,3.6,90,5.1,4,64
1658.08,3.1,165,5.2,4,128
1960.21,3.8,90,7.2,6,1024
315.42,3.5,90,6.2,4,1024
250.67,4.2,90,6.1,6,256
1521.12,4.9,90,6.5,8,1024
1088.18,3.8,90,6.1,6,256
576.43,4.0,90,6.4,16,256
480.99,3.5,165,7.4,6,128
890.94,4.6,165,7.3,12,128
1113.25,4.3,120,6.6,4,1024
1231.17,4.8,144,7.3,8,1024
1385.19,4.6,165,5.9,6,128
1998.26,4.4,60,6.4,8,128
1546.35,3.4,165,6.4,16,1024
1990.01,3.2,120,7.2,4,512
1419.02,4.4,144,6.8,4,128
480.49,3.9,90,7.4,8,128
259.29,5.0,144,6.2,4,512
1906.67,4.0,144,6.1,12,64
921.28,3.2,120,7.2,16,64
815.94,3.9,144,5.1,6,1024
732.92,4.6,120,7.0,16,512
980.79,3.5,90,5.7,12,1024
350.04,4.8,165,6.8,4,1024
915.77,4.8,90,5.7,4,1024
1234.19,3.1,144,6.4,16,1024
1788.33,3.9,120,5.6,12,64
1646.23,4.3,144,5.2,4,128
1381.14,4.5,120,6.6,12,1024
521.69,5.0,165,6.5,12,512
1001.55,3.7,165,7.3,16,256
1940.83,3.7,120,5.3,12,64
686.23,4.4,165,6.4,16,256
1937.18,4.3,60,5.1,4,512
1603.44,3.0,60,6.6,4,64
921.99,4.2,144,5.9,4,512
426.81,4.3,60,5.4,4,512
595.77,4.8,60,7.1,16,1024
426.96,4.8,90,7.3,4,128
1728.55,4.1,60,7.5,16,1024
1943.23,4.5,60,6.4,8,1024
1970.42,4.8,90,6.1,4,64
1277.78,4.4,165,5.8,12,256
1316.86,4.7,90,6.0,6,128
597.92,3.7,120,5.7,6,1024
1721.92,4.2,144,6.6,4,64
1969.24,4.5,165,5.9,6,64
340.29,3.1,144,6.6,6,128
739.59,3.8,120,6.1,12,256
442.15,4.4,90,7.4,16,256
420.0,4.3,144,5.2,6,512
1535.67,3.8,90,5.4,6,512
776.96,4.5,90,6.0,8,64
217.7,3.0,90,6.0,16,256
1173.15,4.2,120,6.3,12,512
1093.89,3.0,60,5.1,12,512
1181.28,3.8,60,6.9,16,1024
378.17,4.1,165,7.1,12,128
561.23,4.0,90,5.1,8,512
1239.98,3.5,90,7.1,16,64
1140.73,3.8,144,6.8,6,512
1218.1,3.2,90,6.5,4,512
1660.96,4.5,120,6.0,4,512
826.31,4.0,90,6.2,16,64
997.41,3.2,60,5.0,6,1024
567.19,4.4,144,7.3,12,512
523.95,4.8,144,6.8,6,512
1480.96,4.1,120,7.2,4,128
1923.53,3.9,144,6.5,4,512
179.03,3.1,165,7.2,8,64
1100.78,3.7,120,5.2,12,512
276.08,4.9,60,6.5,12,512
306.84,3.1,144,5.2,4,1024
1989.34,4.7,144,7.0,6,64
582.95,4.5,144,6.1,8,256
1360.36,3.2,120,5.0,16,128
1487.68,3.4,165,6.4,4,64
694.52,3.8,165,6.7,16,256
778.93,4.3,60,5.4,6,256
397.05,4.1,60,6.7,8,256
1796.38,4.8,165,6.0,8,512
1385.51,4.1,165,5.5,12,128
1882.34,3.6,144,6.7,6,512
807.89,3.7,90,5.8,6,64
1951.15,3.3,144,6.6,6,1024
1428.59,4.6,144,5.4,8,256
717.35,4.8,165,6.8,4,256
697.18,3.2,144,7.5,16,64
1444.03,3.4,120,7.2,6,256
223.82,4.8,90,7.1,16,256
1507.51,3.4,144,7.5,16,1024
1940.02,3.7,144,6.9,8,512
892.08,3.3,165,5.7,8,64
702.91,4.4,144,6.0,4,512
701.4,4.8,60,5.4,12,256
1863.14,4.7,120,5.2,4,1024
1840.59,4.5,165,7.5,12,256
379.51,4.6,165,6.9,12,1024
189.34,4.2,90,5.3,6,64
1744.98,5.0,60,5.1,4,64
614.02,3.2,90,7.1,4,256
1263.39,4.5,60,6.1,12,64
785.08,3.9,90,6.4,16,512
1303.5,3.3,165,6.6,8,64
1539.96,4.0,90,6.6,12,64
1961.56,3.9,60,6.9,4,512
614.62,3.0,90,6.8,16,128
1196.09,3.7,60,6.5,6,256
493.98,4.0,144,5.2,16,256
1059.04,3.8,120,5.5,12,256
601.6,4.7,165,6.4,16,64
1724.35,4.8,144,7.2,12,512
1567.4,3.3,144,6.1,8,256
1286.93,3.7,60,6.7,12,1024
1148.53,3.6,165,6.9,4,512
1304.02,4.1,165,5.5,6,256
1407.87,5.0,120,6.2,12,256
1705.27,4.3,60,6.8,6,1024
1397.31,4.9,90,5.4,8,64
988.86,3.7,60,6.8,6,512
190.14,3.6,60,5.6,12,1024
570.6,4.2,90,6.4,16,1024
1762.18,3.3,165,6.6,8,1024
511.09,4.4,60,7.3,8,256
215.92,4.5,90,7.5,12,256
1162.71,3.2,90,6.1,16,64
1617.21,3.0,144,7.3,4,128
1099.22,4.0,144,5.1,4,512
1121.88,4.6,165,5.2,4,1024
1076.4,3.9,144,6.6,16,1024
489.83,3.4,165,5.2,8,64
819.65,3.4,60,6.6,16,64
789.58,4.8,120,6.1,16,1024
914.91,4.3,144,5.2,8,64
965.39,4.0,120,5.1,6,512
1997.73,3.8,144,6.4,6,128
1628.2,4.2,120,6.8,4,128
724.88,4.6,144,5.9,4,512
1096.54,3.0,60,7.4,12,512
334.21,3.1,165,5.9,8,256
1583.22,4.3,90,7.3,8,256
1058.56,4.8,60,6.9,4,64
1541.05,3.3,120,6.1,6,512
1890.92,4.2,144,6.6,6,1024
1983.49,4.6,120,5.3,16,512
1744.94,4.7,165,5.6,6,64
1494.31,4.0,120,6.6,6,512
384.77,3.6,165,6.1,16,128
1555.63,3.5,120,6.0,6,128
511.17,3.7,90,5.3,4,1024
1980.56,3.4,165,5.6,4,64
1399.23,4.7,144,7.0,6,64
722.84,4.8,60,6.4,6,256
1670.83,3.7,144,6.2,8,64
1082.56,4.8,60,6.1,6,1024
790.44,3.3,165,6.4,8,256
1979.61,4.7,60,5.4,16,256
910.46,3.0,90,7.0,6,128
1795.92,4.5,165,6.1,4,1024
1885.96,3.6,120,6.8,6,1024
712.4,4.0,144,5.5,4,64
882.98,3.6,90,7.5,12,512
1788.03,4.7,165,6.6,4,1024
1237.03,3.8,165,5.3,6,64
1908.06,3.3,120,6.8,16,512
721.48,4.6,90,5.6,4,512
1662.68,3.5,165,6.3,4,64
1299.05,4.0,144,7.2,12,256
864.46,3.3,120,7.0,8,64
1782.31,3.8,90,5.5,16,512
390.35,3.7,165,7.2,8,64
1028.33,3.7,120,5.3,4,128
174.49,4.5,120,5.3,16,512
945.7,3.8,90,5.5,4,256
819.45,3.9,144,6.5,16,128
1773.92,4.6,120,6.5,12,256
1844.84,4.4,90,6.5,6,256
285.92,3.3,165,5.6,12,64
1309.93,4.7,60,6.1,16,512
1455.29,4.9,165,6.2,12,128
1972.35,4.3,60,7.0,16,64
490.97,3.8,90,6.6,4,256
1923.19,4.1,144,6.6,12,512
1691.26,3.2,60,7.1,16,128
537.89,3.3,120,6.1,16,256
1638.65,5.0,165,7.4,8,128
1782.63,3.2,120,6.7,12,128
1790.27,3.2,90,7.2,12,512
680.36,3.7,120,5.6,8,128
769.91,4.8,120,6.4,4,128
1058.21,4.5,120,5.4,12,128
1478.03,3.5,60,7.0,8,512
488.35,3.5,144,7.0,6,512
469.31,4.2,144,6.4,6,1024
155.62,3.2,165,7.3,4,128
1200.56,4.5,120,5.7,4,512
976.66,4.5,165,5.6,4,512
922.35,4.3,90,6.9,12,64
479.75,3.4,120,7.2,12,512
1282.77,3.3,165,5.4,4,1024
694.68,3.5,60,5.4,4,64
1308.64,4.9,90,6.5,4,128
529.25,4.6,120,6.9,6,1024
1552.02,4.4,120,6.1,8,128
1132.6,3.1,60,6.1,12,256
1287.12,4.2,144,7.0,12,64
1205.12,3.5,120,5.7,6,256
310.37,4.1,120,5.3,6,512
1905.87,4.5,90,6.9,12,64
1858.46,3.3,90,5.8,16,1024
1265.25,5.0,90,6.1,6,64
1252.75,4.3,144,7.4,8,128
759.01,3.9,120,5.5,8,512
1306.62,3.2,90,5.1,6,64
1933.68,4.2,60,6.9,8,256
1547.88,3.9,144,5.5,8,1024
1705.07,3.9,120,5.2,12,256
1836.7,4.9,120,5.1,4,1024
720.35,5.0,90,6.4,8,1024
279.38,3.8,90,6.2,6,64
818.55,4.8,165,6.3,4,512
707.32,4.7,144,6.1,12,64
746.45,4.0,90,7.4,6,64
1811.51,3.8,144,6.7,16,1024
1328.37,3.5,165,7.1,12,128
874.9,3.9,90,6.8,6,64
987.59,3.0,60,7.1,6,64
773.33,4.7,60,5.4,8,256
682.51,3.9,165,5.1,16,256
188.01,4.1,144,5.4,8,512
1824.62,3.2,60,5.3,8,64
1016.36,4.4,120,5.1,6,128
1982.27,3.7,90,5.3,12,512
484.1,3.9,144,7.3,6,1024
880.73,3.9,144,5.5,6,512
539.91,4.2,144,7.0,12,256
453.46,4.5,120,7.2,4,256
1213.06,3.9,90,6.9,16,128
926.79,3.5,144,5.5,4,64
1433.24,4.2,90,6.7,6,1024
323.43,3.7,165,7.0,12,128
159.24,3.3,165,6.8,4,512
1521.31,4.9,90,5.7,6,1024
744.59,3.7,144,5.7,8,512
284.64,3.8,120,5.4,4,512
172.14,3.1,120,5.8,8,128
1070.86,3.2,60,5.8,16,64
1825.18,3.7,120,7.3,6,1024
1658.2,3.2,144,6.2,8,128
693.01,3.6,144,5.8,6,1024
1417.82,3.4,60,5.1,4,256
174.79,4.5,60,6.2,16,128
1960.56,4.0,60,5.1,8,128
646.16,4.6,144,6.9,8,256
634.0,4.3,60,6.5,4,64
1207.19,3.8,144,5.3,8,512
187.32,4.3,60,7.1,12,128
214.98,4.5,120,6.5,4,256
860.38,3.3,60,5.1,8,64
1510.67,4.8,120,5.2,8,64
1330.22,3.4,90,5.5,12,256
844.12,3.1,144,5.7,12,256
1409.34,3.9,165,6.9,16,64
650.64,4.7,120,5.5,16,64
661.92,3.2,165,5.4,8,256
642.89,4.2,60,7.3,8,128
1320.46,4.6,165,5.1,6,1024
1127.28,3.4,165,6.0,8,512
917.08,3.2,144,5.3,6,256
1834.46,3.0,60,7.4,8,128
1091.85,4.4,90,6.8,16,1024
1171.14,4.5,60,7.1,16,64
1185.15,3.8,120,6.2,12,64
897.91,4.9,60,6.2,12,512
1279.01,3.6,120,6.0,4,256
840.04,4.6,60,5.1,12,1024
296.64,4.6,120,5.4,12,256
515.7,4.6,60,6.7,6,128
535.19,4.6,120,6.4,4,512
421.7,4.0,144,5.7,8,128
1252.64,4.2,90,7.0,8,512
1231.5,4.0,90,6.8,4,512
1860.71,4.1,165,7.2,8,1024
462.34,4.7,144,7.0,12,1024
1415.86,4.1,60,6.8,4,128
780.05,4.8,165,5.2,12,512
244.76,5.0,90,6.6,8,512
248.8,4.7,144,7.2,4,128
1753.43,4.8,90,5.1,8,512
1359.58,3.5,165,6.6,4,512
1837.07,3.6,165,6.2,4,512
519.86,4.8,165,5.8,8,64
916.38,3.8,144,6.5,16,1024
611.84,3.9,90,6.2,8,64
399.94,3.5,90,5.3,16,64
1006.07,3.9,120,7.3,4,64
1394.26,3.6,60,6.5,16,512
500.15,4.1,60,7.1,6,512
1998.5,4.0,120,7.2,16,1024
270.25,4.8,90,5.6,12,1024
1272.88,4.3,165,7.4,8,512
1549.19,4.4,165,7.4,4,1024
763.31,3.4,144,7.0,8,128
990.76,4.5,144,6.2,8,512
968.5,3.6,165,7.1,4,128
655.69,4.3,90,5.6,8,1024
1896.52,3.7,90,5.4,4,128
889.96,3.7,144,5.2,16,64
630.17,4.1,120,7.4,6,512
1237.55,5.0,120,5.3,8,128
1339.28,4.3,90,7.3,4,512
1410.43,3.7,165,6.7,8,256
822.19,3.4,144,7.1,4,256
818.11,4.0,60,6.8,16,256
1139.29,4.6,144,6.1,8,512
1709.8,3.5,90,6.4,16,512
728.94,4.5,90,6.7,16,1024
1607.45,3.4,144,6.8,12,128
1116.87,4.9,90,6.1,4,64
277.34,3.2,90,5.1,12,256
1076.36,4.6,60,6.6,4,512
1063.85,3.2,120,6.1,12,1024
427.54,4.5,90,7.0,6,512
1670.61,4.1,90,6.1,16,1024
877.59,3.0,144,5.0,4,128
1320.84,3.7,144,6.1,16,1024
592.0,4.3,120,7.1,16,256
1552.71,4.8,60,6.7,16,1024
1640.23,3.4,120,5.4,16,512
199.48,4.4,90,6.9,8,128
1428.25,4.5,165,5.8,4,64
1019.52,3.5,144,6.3,12,64
1284.81,4.6,144,7.1,8,64
1630.85,3.1,60,5.6,16,256
198.38,3.6,165,6.8,8,128
321.82,4.3,144,7.5,6,128
557.69,3.3,165,7.2,6,64
419.36,4.8,120,6.4,6,128
1305.47,4.6,120,6.1,6,128
1483.68,4.1,144,7.0,16,1024
506.52,3.6,144,7.2,6,512
871.94,5.0,120,7.1,4,64
749.93,4.1,90,7.3,16,1024
1675.38,3.4,90,5.0,6,64
1738.2,3.1,60,7.3,16,256
409.56,3.6,165,7.5,4,1024
1486.78,4.3,144,5.1,12,256
1456.95,4.3,144,7.2,8,256
1772.77,3.3,120,5.5,4,64
360.57,4.0,60,6.0,4,64
411.83,3.8,120,6.8,4,64
1194.17,3.6,90,6.3,4,256
175.01,4.9,60,5.8,4,128
198.17,4.2,120,5.1,16,512
1430.94,4.8,60,5.3,16,128
1294.43,4.7,60,5.5,8,1024
1597.12,3.7,60,5.2,4,1024
1300.69,4.5,144,7.2,6,512
1179.83,4.1,165,7.3,12,128
518.65,5.0,60,5.4,16,256
691.61,3.7,90,5.5,12,256
1116.35,3.1,90,6.1,12,256
203.37,4.9,90,6.4,16,1024
732.39,4.2,120,6.2,8,256
671.04,3.3,60,5.9,4,128
367.23,4.5,60,7.3,16,128
332.33,4.8,90,7.4,16,64
691.86,3.3,60,6.6,6,128
672.06,4.9,165,7.1,6,256
1640.62,4.1,120,7.5,6,1024
1067.76,3.2,90,5.3,6,64
1578.75,4.1,165,5.3,8,1024
1911.73,4.0,90,5.0,6,256
1725.6,3.6,120,5.8,16,256
550.14,4.3,60,6.5,8,256
997.29,4.9,120,5.0,6,128
1788.29,3.8,90,7.0,12,64
290.71,4.9,60,6.9,12,64
162.46,4.7,90,6.4,4,128
1428.83,4.5,90,7.4,12,256
1897.27,4.5,120,5.4,12,1024
1500.04,3.3,144,7.1,4,512
1600.49,4.0,60,7.2,6,512
523.55,3.1,60,7.4,4,128
982.25,3.6,120,5.5,4,512
850.18,4.0,120,5.6,16,64
1109.65,3.7,165,6.5,4,128
513.75,3.1,165,5.5,6,256
1942.43,3.8,144,5.3,6,64
1563.65,3.6,144,6.0,6,256
786.17,3.0,144,7.1,4,1024
822.67,3.9,120,7.4,6,256
1731.64,4.0,144,7.0,4,256
1022.75,3.4,60,5.1,6,512
765.34,3.3,120,6.0,12,64
1035.23,3.9,144,6.9,12,1024
738.82,3.7,60,5.6,4,1024
1990.2,3.2,144,6.1,8,128
1859.14,5.0,165,7.2,16,256
1738.78,4.2,120,5.9,4,128
1505.02,3.2,60,6.8,6,128
735.89,3.8,60,7.5,8,128
1178.31,4.3,60,7.2,12,1024
1751.25,4.6,144,5.2,6,256
1155.57,3.3,90,5.2,6,256
1787.25,4.7,144,5.1,12,1024
1861.9,3.9,144,6.3,6,64
884.1,4.7,90,5.4,8,1024
963.85,3.1,144,7.0,16,64
706.25,4.4,60,7.4,8,512
567.78,4.1,144,6.5,6,1024
1428.99,3.8,144,7.0,4,512
1037.76,4.6,120,5.3,4,256
1040.77,3.9,144,6.7,12,512
495.97,4.7,165,6.5,16,1024
1244.23,3.6,144,6.5,4,512
1039.84,3.5,144,6.6,12,64
607.02,4.1,90,5.5,16,64
1287.8,3.8,60,7.3,8,512
734.5,4.8,60,7.4,16,512
335.5,4.2,60,6.4,8,256
1383.64,3.1,120,5.7,16,512
1918.26,3.7,165,6.7,4,1024
248.68,3.2,60,5.0,8,256
1554.29,4.1,165,7.1,4,128
370.26,3.1,60,5.3,6,128
918.46,3.8,165,5.6,12,256
1170.08,4.3,165,5.4,6,512
813.49,4.8,90,5.7,4,256
262.2,3.2,90,7.3,12,256
1957.42,4.6,60,7.3,6,256
156.52,3.1,144,6.6,4,64
1946.93,4.9,165,5.2,12,64
1109.12,3.1,120,6.8,6,128
1600.12,4.0,165,6.0,4,512
1196.86,3.0,60,6.7,12,1024
991.54,4.5,144,7.1,4,256
1295.77,4.9,90,6.3,12,128
1521.98,3.9,60,7.0,12,1024
685.38,4.3,144,6.3,16,64
845.45,4.8,120,5.5,8,1024
502.9,4.3,165,5.9,6,128
1824.84,4.0,120,7.4,8,1024
416.74,4.7,120,5.8,4,256
1893.96,3.7,165,5.0,6,1024
444.35,3.8,144,6.1,4,128
846.91,3.2,90,7.2,16,128
1434.79,3.9,90,6.5,16,64
1848.17,4.4,60,5.7,12,512
1361.73,5.0,144,7.4,12,256
1979.45,3.3,144,6.2,4,512
564.91,4.9,144,6.5,6,128
1937.84,3.1,90,7.4,12,128
711.69,4.7,60,7.3,12,64
1315.33,4.8,165,7.3,4,64
454.52,3.2,60,5.1,12,256
1562.53,3.6,165,5.6,12,1024
723.37,3.8,90,5.1,4,128
1950.85,3.3,90,6.7,12,128
992.06,4.1,90,5.8,16,128
1798.42,4.2,165,6.2,12,256
632.62,4.2,120,5.4,8,512
634.8,4.7,165,6.3,12,128
807.42,3.8,144,5.9,6,256
1786.89,3.6,144,5.0,8,256
1429.6,3.1,144,6.2,8,1024
510.43,4.0,144,6.7,16,256
1205.54,3.1,90,5.7,8,512
330.69,4.6,90,6.8,8,64
1239.98,3.6,120,5.7,12,1024
884.27,3.5,60,7.1,16,256
1988.1,3.5,60,7.4,4,128
1200.03,3.2,144,6.3,16,256
230.78,3.8,60,5.3,8,1024
1537.71,3.1,90,6.8,16,256
648.0,3.4,165,7.1,12,512
1360.71,5.0,144,6.8,4,1024
676.45,4.5,144,7.0,6,1024
477.43,4.9,144,6.4,16,512
1425.97,4.6,60,7.4,16,64
1545.62,4.4,90,5.2,12,512
1697.75,3.7,90,5.6,4,128
1403.25,4.9,120,5.1,12,128
1610.05,3.0,165,7.4,6,64
1910.71,3.1,144,6.1,6,128
1736.2,4.5,165,6.3,6,64
539.32,3.3,144,7.3,8,128
735.49,4.9,165,6.1,8,128
1279.0,4.4,165,6.2,6,512
1244.14,3.4,165,6.0,6,512
699.06,3.2,144,5.3,8,128
496.97,3.3,120,6.7,12,512
1310.73,3.3,144,7.0,4,1024
231.2,3.3,60,6.9,12,128
449.32,3.2,60,5.0,6,1024
685.18,4.9,90,5.5,4,512
1465.78,4.4,144,6.4,4,512
1657.42,3.7,60,5.6,16,1024
933.81,3.4,144,7.0,6,256
1701.41,3.7,165,5.7,4,256
742.43,3.3,165,6.5,12,1024
1472.82,4.0,90,6.3,16,128
1259.5,3.4,60,6.4,12,1024
895.34,5.0,60,6.5,16,256
651.98,4.9,165,6.6,4,128
808.15,3.4,60,6.5,16,128
1952.5,4.6,90,7.2,4,1024
682.78,4.4,120,6.0,6,128
1526.64,3.9,120,5.0,8,256
1382.2,3.6,90,6.8,8,128
1706.61,4.5,144,7.4,8,512
805.19,3.8,120,7.2,8,256
850.93,4.9,120,6.5,6,128
1398.73,3.4,90,5.1,16,64
1441.6,3.4,144,6.1,12,512
481.35,4.2,120,6.9,4,64
682.81,4.1,165,5.0,4,1024
1630.59,4.1,165,6.7,16,1024
940.0,3.3,120,6.5,16,256
1166.5,4.7,120,5.3,12,256
1284.4,3.6,144,6.1,8,128
487.68,4.8,165,5.4,12,256
924.31,4.9,60,6.3,8,512
1876.82,4.4,60,5.5,12,1024
433.77,4.4,60,5.3,8,64
1033.69,4.4,120,5.6,12,128
802.81,4.9,144,5.3,4,128
1910.34,4.1,144,7.1,6,512
1470.9,3.8,144,7.5,12,512
1120.32,4.8,120,5.1,4,1024
1472.14,3.2,165,5.9,4,512
1980.77,3.2,144,7.3,16,128
1761.93,4.4,165,5.2,12,1024
493.48,3.3,120,6.7,12,1024
647.23,3.9,165,6.1,6,512
1598.05,3.1,60,6.2,4,512
714.42,4.9,60,6.5,8,64
1957.56,3.2,90,6.9,16,256
615.35,3.1,144,5.2,16,128
400.18,3.6,90,5.7,8,512
531.4,4.2,90,6.6,16,256
207.23,4.5,120,6.8,4,128
1067.88,3.6,120,5.1,12,1024
413.61,4.7,144,7.1,8,512
1954.4,3.1,60,5.1,12,1024
791.5,3.1,90,5.8,16,128
458.97,4.0,165,6.6,12,128
216.71,3.9,120,7.0,6,256
480.26,3.5,90,7.3,8,512
1390.7,3.8,165,5.4,12,64
1175.19,4.6,90,5.1,6,128
777.09,3.1,60,6.8,16,256
337.19,4.1,60,7.3,8,256
995.55,4.3,90,6.7,6,1024
449.46,4.2,144,6.0,12,128
803.4,4.9,60,5.7,16,256
339.76,3.6,165,7.4,12,64
1157.82,4.2,90,6.7,16,1024
1801.72,4.9,144,7.0,6,256
1729.19,4.6,165,6.9,16,64
1898.25,3.3,120,5.7,6,256
1900.3,3.8,120,7.3,6,64
1127.35,4.8,165,7.0,6,512
1633.31,4.6,60,6.3,16,256
1705.1,4.6,120,5.7,8,128
216.18,3.9,60,5.1,12,64
652.06,3.6,60,5.9,16,1024
1501.36,3.9,165,6.6,12,512
1425.54,4.4,90,6.3,16,64
1669.71,3.8,90,7.2,8,64
425.07,3.0,144,5.7,6,128
986.74,4.0,165,5.4,8,64
1026.71,3.8,165,5.3,4,128
629.79,3.7,90,6.0,16,512
1356.99,3.7,120,6.9,16,256
1671.49,3.3,120,5.7,16,128
374.65,4.7,60,5.9,16,1024
1598.37,4.6,120,6.8,4,128
1611.69,5.0,144,5.5,12,128
647.82,3.8,90,5.2,16,64
1096.38,3.6,90,6.1,6,256
845.88,3.9,60,5.3,8,64
1234.18,3.9,120,6.9,12,256
1245.38,4.2,165,6.6,16,256
883.41,3.4,90,5.5,12,1024
1018.99,4.8,90,5.2,8,1024
1290.91,4.4,60,7.0,6,64
443.75,4.3,60,6.4,16,256
1010.72,3.8,120,6.5,16,512
1890.17,4.2,60,7.2,16,64
315.36,3.7,60,6.2,6,512
1365.06,5.0,120,5.4,8,512
766.32,4.9,144,6.6,8,512
1320.37,3.3,165,7.5,12,1024
1017.81,4.9,120,6.9,6,64
1904.88,4.9,165,5.8,12,256
1381.88,3.7,165,6.3,6,128
898.48,4.3,144,7.2,16,1024
1245.82,3.5,120,6.3,8,1024
1127.19,4.1,120,5.5,12,256
222.98,4.7,60,7.5,4,128
1321.03,3.6,165,6.8,12,512
1003.8,3.9,60,5.6,12,1024
600.9,3.7,120,5.7,12,128
893.93,3.2,90,6.8,8,512
350.84,3.8,60,5.4,16,64
628.86,3.5,120,6.3,6,64
847.25,4.6,90,5.7,6,1024
648.85,4.6,144,6.9,8,256
590.19,3.7,90,6.2,16,512
782.4,3.4,120,5.1,16,128
1952.73,4.0,120,6.0,16,512
798.79,3.7,165,5.9,4,64
1436.57,4.0,90,5.6,6,256
1947.6,4.6,144,6.8,4,64
524.3,3.1,144,7.1,8,1024
966.27,4.5,165,5.4,6,128
190.01,4.5,120,6.8,4,512
1315.62,4.6,165,6.2,4,128
329.47,4.3,120,5.9,16,512
950.57,4.6,165,6.6,16,256
312.18,4.1,144,5.6,4,256
1181.08,3.7,144,7.1,6,512
572.9,3.6,144,5.6,16,256
1948.44,3.9,120,6.2,12,512
762.64,3.8,60,6.8,4,256
847.75,3.3,144,7.2,4,64
498.44,4.1,90,6.1,8,512
1979.91,4.4,60,6.5,8,256
1207.49,3.5,60,5.4,4,256
334.71,4.5,90,5.7,6,512
1615.19,4.5,165,6.8,16,128
1999.26,4.5,144,6.7,4,512
1260.11,4.6,90,5.8,16,512
1690.3,4.4,144,5.2,16,1024
1969.97,5.0,120,5.3,8,64
912.01,3.2,90,7.5,16,128
1834.21,3.4,60,6.7,6,64
435.8,4.8,144,5.8,8,128
670.17,4.6,120,6.9,12,1024
762.83,3.8,120,6.0,4,512
778.02,4.2,144,6.6,4,64
1823.62,4.1,90,5.8,4,256
1092.78,4.9,165,6.6,8,64
1330.76,3.4,165,7.2,8,1024
494.12,4.3,60,7.1,16,128
1269.85,3.3,144,5.5,6,64
530.12,4.1,120,6.1,6,256
1216.4,4.4,144,7.4,12,1024
714.73,4.4,60,7.3,12,128
1106.11,3.6,90,6.4,6,64
945.0,4.4,165,6.1,4,512
320.89,3.5,120,7.3,12,256
1793.86,3.3,90,7.2,4,256
1184.8,4.3,144,7.0,6,256
1017.97,3.1,60,6.7,16,1024
344.77,3.2,165,6.2,8,256
644.8,3.3,60,5.1,4,128
707.07,4.0,120,7.3,16,128
1426.25,4.3,60,5.2,16,64
1404.03,4.2,120,6.6,8,512
1048.04,3.7,165,7.1,6,256
977.45,4.6,120,7.4,16,128
450.66,5.0,120,6.5,16,128
948.21,3.4,120,6.9,16,64
1703.99,3.6,90,6.6,8,128
1002.42,3.1,60,5.3,4,1024
1768.75,3.3,165,5.8,6,64
1260.73,3.8,165,6.5,16,512
1171.02,3.9,120,6.9,6,256
1894.84,3.3,90,6.6,8,128
1281.14,4.9,144,6.1,4,512
719.31,4.6,120,6.8,16,512
1753.22,3.2,120,5.2,4,128
1445.75,4.2,60,6.6,16,1024
1155.91,3.2,90,6.6,8,256
889.88,4.7,120,6.2,4,512
1730.96,4.7,60,5.6,8,64
946.96,4.8,165,6.6,4,512
1752.81,3.9,144,6.3,4,64
473.28,3.8,90,6.9,12,128
1318.55,3.6,60,5.3,12,512
1177.15,4.4,120,6.0,4,128
1238.25,3.5,120,6.8,6,128
1146.18,4.3,90,5.9,12,512
1071.27,3.7,144,7.2,8,64
1142.4,3.8,144,6.0,8,512
1560.76,3.4,144,6.0,4,64
431.62,4.3,90,6.7,16,256
1702.34,4.2,60,7.2,12,64
1379.68,5.0,90,6.2,16,64
1636.44,3.5,60,7.2,6,256
1408.92,4.2,60,7.1,16,64
514.2,4.1,60,7.5,12,256
1857.18,3.8,165,5.7,12,128
1374.45,3.5,144,5.1,4,1024
831.37,4.9,60,5.5,8,128
1553.89,3.5,165,6.1,8,64
1603.04,3.6,60,5.8,8,1024
1240.07,3.3,90,6.4,16,512
1627.32,4.7,60,6.5,12,128
697.24,3.2,120,5.4,4,512
1558.37,4.9,165,6.7,8,64
1168.67,3.1,60,6.6,6,64
1648.15,3.8,165,7.0,4,512
1075.78,3.8,144,6.4,8,64
987.95,3.6,165,7.1,8,64
1463.81,4.9,90,7.0,8,512
1502.75,4.4,90,5.8,6,64
1955.77,3.8,120,5.9,16,64
696.1,3.8,90,5.7,6,128
1640.56,3.6,90,7.3,6,256
1105.44,4.6,165,6.9,6,64
921.49,4.2,165,5.4,16,64
1048.35,3.4,120,5.1,6,1024
289.83,3.6,90,7.0,4,1024
1386.63,3.5,144,6.7,8,1024
1556.88,4.3,60,6.0,16,256
1885.83,4.3,165,5.1,6,512
1010.29,3.4,144,5.3,12,64
516.48,3.8,120,7.3,4,64
1593.76,3.7,165,6.3,6,1024
1876.47,5.0,120,5.7,8,256
994.61,4.6,165,5.1,8,256
1095.8,4.6,120,6.2,6,128
541.35,3.8,60,6.5,12,64
1409.99,4.3,144,6.0,8,512
830.5,4.1,90,6.2,8,64
1211.06,4.6,90,5.4,4,1024
1142.41,4.3,90,5.2,12,1024
1005.31,4.2,60,5.2,4,1024
795.71,5.0,144,6.5,6,64
920.46,4.4,144,5.7,6,1024
1772.48,3.9,90,7.2,6,512
379.09,4.5,90,6.8,4,128
1592.54,4.9,165,6.2,8,256
1249.1,4.0,120,5.3,12,128
1913.71,4.4,144,5.9,4,256
831.18,3.9,60,6.1,6,1024
1691.57,4.5,60,5.8,12,128
1785.92,4.3,144,7.1,6,1024
1602.41,3.5,60,5.9,16,256
881.97,3.3,144,5.6,8,1024
1369.07,4.1,165,5.2,8,1024
185.46,4.7,144,5.3,16,1024
410.16,4.5,90,6.0,16,1024
1485.46,3.1,144,6.3,6,64
234.52,4.8,165,5.3,4,128
824.31,3.3,90,6.5,4,1024
994.52,4.3,144,5.5,6,256
1743.76,4.9,144,6.1,4,64
1217.29,4.6,60,6.7,4,512
1428.0,4.0,165,7.2,6,64
687.01,4.6,120,6.7,12,64
275.08,4.1,90,5.8,4,128
1634.84,4.8,60,5.3,12,128
1548.29,3.4,144,7.0,6,256
1021.26,3.9,60,6.5,4,256
1239.11,4.8,165,5.5,4,64
1843.78,4.5,144,5.8,4,256
191.13,3.3,60,7.1,16,256
1780.42,4.1,165,7.3,4,64
1861.78,4.8,120,5.6,12,256
1993.58,4.3,165,6.8,16,128
337.06,4.1,120,5.5,6,64
555.73,3.5,90,6.9,16,1024
381.7,3.6,144,6.0,8,1024
1310.6,3.1,60,7.1,4,512
950.58,4.2,144,5.7,6,512
722.28,4.0,120,5.3,16,128
1235.52,4.8,144,6.6,12,1024
480.88,4.6,60,5.7,12,1024
1281.98,3.4,90,7.2,6,256
540.42,3.0,120,6.5,16,128
1357.02,3.0,60,6.2,6,64
295.03,4.5,165,5.2,6,1024
524.33,3.7,60,5.2,16,512
1599.7,3.6,90,5.6,12,256
1772.58,4.5,60,7.2,6,128
1291.52,4.8,90,5.2,12,256
1081.78,3.4,165,5.3,6,64
599.67,4.0,165,7.5,6,512
1848.82,3.7,120,7.0,8,512
1752.21,4.6,165,6.1,16,128
1215.47,3.4,90,6.1,8,256
207.68,3.3,144,7.4,12,128
1964.16,3.2,120,5.6,6,128
854.94,3.1,165,5.7,4,1024
386.44,4.1,120,7.1,6,1024
1265.78,3.8,90,7.1,16,256
797.94,3.1,60,6.8,4,512
1823.55,4.3,60,5.3,4,128
476.19,5.0,165,7.0,4,64
722.8,4.8,120,7.4,12,512
807.61,3.3,90,5.6,8,1024
1345.08,3.4,165,6.0,8,64
1064.59,3.1,165,5.8,4,512
1371.6,4.0,120,6.2,4,64
1143.32,3.2,144,6.8,12,64
549.21,3.1,60,6.9,16,64
843.08,4.7,120,6.3,4,512
237.36,3.6,120,5.4,8,512
1237.61,4.3,60,5.7,16,64
883.92,4.4,144,5.4,4,1024
691.37,3.4,144,7.5,6,64
1665.71,3.7,120,6.4,4,64
657.36,4.0,90,5.1,16,512
973.9,4.5,90,6.6,16,128
1078.82,3.2,144,7.5,6,256
1821.21,4.9,144,7.3,12,256
1681.0,4.0,165,5.9,6,256
454.09,3.0,144,7.3,12,256
338.76,3.9,144,6.9,8,128
1414.34,4.6,90,5.6,6,64
1670.36,4.3,120,5.3,12,256
710.09,4.9,90,5.8,8,64
559.43,3.9,90,6.1,8,1024
1358.05,4.1,165,5.4,6,64
1252.95,4.6,60,6.2,16,1024
687.83,4.1,165,6.4,12,64
772.08,3.7,60,5.5,12,64
1281.75,4.4,144,7.4,16,512
559.27,3.7,120,6.0,8,512
616.32,3.5,120,7.5,16,512
1421.41,3.6,120,6.2,16,64
985.09,4.3,90,6.6,6,1024
519.63,5.0,60,7.4,16,256
1632.22,4.0,165,5.3,4,1024
1916.38,4.5,165,5.8,4,64
185.32,4.9,120,5.1,16,64
484.84,3.3,120,6.8,16,512
1535.18,4.6,165,5.4,16,256
780.3,4.0,90,5.4,4,64
1407.54,3.8,60,5.7,4,512
1838.62,3.4,90,6.1,12,64
780.4,3.8,165,6.4,12,256
172.14,3.6,120,5.9,16,512
871.65,3.7,90,5.3,6,64
1597.07,3.7,165,7.0,8,64
1055.36,4.6,120,7.5,6,256
1523.75,4.0,165,5.8,4,128
1113.43,4.5,120,5.2,6,64
824.65,4.2,60,6.2,16,128
1403.8,3.4,60,5.7,4,64
313.89,3.5,144,7.3,6,64
1296.4,4.2,60,7.4,6,512
1649.58,3.9,165,7.0,8,512
1793.21,4.8,165,6.2,6,64
918.94,4.6,144,5.5,8,64
435.83,3.6,90,5.5,16,64
203.86,3.5,60,7.1,16,64
1757.24,3.5,165,5.8,16,128
812.08,4.0,165,6.3,16,256
312.95,3.5,165,7.2,16,128
610.15,3.3,144,6.7,16,64
1120.56,3.0,90,7.2,8,64
364.93,3.2,120,5.2,16,512
1603.66,4.5,165,7.2,6,512
1338.88,4.4,120,6.6,12,128
209.49,4.1,60,7.3,4,128
535.41,3.4,120,6.6,12,256
1848.69,4.0,144,6.0,12,1024
750.84,4.3,165,7.0,8,128
223.32,4.3,144,5.4,16,64
738.68,3.1,90,5.6,6,64
1086.56,3.5,120,5.8,8,256
1516.84,4.4,90,7.2,8,64
1926.24,3.4,165,6.3,8,128
451.89,4.8,60,7.2,12,1024
1289.6,3.3,60,6.7,6,64
1061.32,4.1,144,6.6,4,1024
811.65,3.2,90,6.1,4,1024
1607.4,3.4,144,6.5,16,1024
1244.6,3.9,60,6.6,12,512
1015.53,3.7,144,5.9,6,64
1664.84,4.4,144,6.0,16,256
1407.39,3.1,165,7.1,16,128
267.48,4.6,165,5.6,16,512
1958.44,4.5,165,6.0,6,512
452.86,3.3,144,7.2,4,512
1347.75,3.8,90,6.9,6,512
1386.81,3.9,120,7.2,4,1024
1670.88,3.0,60,5.0,12,512
1011.79,4.0,144,5.1,4,512
511.86,3.2,120,7.1,6,256
1266.66,4.4,144,5.2,8,1024
319.28,4.3,90,6.4,12,128
1728.28,3.5,144,7.4,4,256
1951.0,4.1,144,5.8,16,64
1215.51,3.5,90,5.7,6,64
474.18,4.1,165,5.3,6,1024
591.48,4.5,144,5.7,8,128
1956.75,3.1,90,7.2,6,64
374.38,4.3,165,5.8,12,256
1720.56,3.6,165,6.9,12,1024
572.09,4.2,165,7.1,16,256
756.8,3.8,144,5.5,4,256
488.79,4.8,144,5.8,4,128
530.49,4.4,90,7.0,4,512
285.99,4.2,120,5.1,12,256
1254.15,3.0,90,6.6,6,512
709.78,3.5,60,7.5,12,128
1009.79,3.1,120,5.2,16,128
1584.5,4.0,90,7.1,6,128
286.17,4.8,144,6.4,6,512
1709.51,3.5,90,7.2,6,128
734.02,4.2,120,6.3,16,128
1627.65,3.2,60,6.9,6,64
948.99,3.8,165,7.4,8,512
588.08,4.1,165,5.7,6,1024
1441.67,3.1,90,5.6,8,256
1047.95,4.3,144,6.8,8,256
839.23,4.7,165,5.3,6,128
1959.08,3.8,144,5.1,8,1024
789.42,3.5,165,6.3,4,128
1684.2,3.0,165,6.0,6,256
669.84,3.9,165,6.2,6,512
767.18,3.9,90,6.3,16,64
598.11,3.8,120,7.1,4,1024
1807.08,3.4,165,7.1,16,256
948.22,4.5,144,6.9,4,64
370.35,4.3,60,6.1,12,64
751.64,3.5,60,5.0,4,1024
784.42,4.2,90,5.8,16,1024
1455.92,4.5,90,6.3,8,256
247.01,3.3,144,5.8,12,1024
1865.79,3.7,90,6.4,16,256
1301.35,3.4,90,5.2,8,64
1324.61,3.7,60,7.4,12,256
1684.72,3.1,144,5.9,4,128
1752.67,4.1,90,5.3,12,64
854.51,3.7,144,6.8,4,256
674.91,3.1,90,5.9,6,256
1105.93,4.8,165,6.0,8,512
557.66,4.1,144,6.0,12,1024
477.15,5.0,60,7.2,12,256
1399.35,3.1,144,6.7,12,512
305.64,4.6,120,5.4,8,256
1151.29,4.3,144,6.1,4,128
1396.44,4.4,90,5.8,6,512
1298.54,4.9,120,7.0,4,512
1479.25,4.0,60,6.5,12,64
690.7,3.1,60,6.5,4,512
1661.97,3.2,120,6.5,4,128
869.7,4.5,165,6.0,8,512
316.24,3.9,90,5.9,12,128
741.21,4.5,120,7.3,4,256
1921.87,3.8,120,5.6,16,128
248.82,3.7,144,7.2,6,512
1025.38,3.4,90,7.0,16,128
196.74,3.0,60,6.0,8,128
822.98,5.0,120,6.7,16,512
316.8,4.3,90,5.7,4,256
1178.61,4.3,60,7.4,8,256
1671.33,4.2,120,6.8,4,512
1471.81,3.0,120,6.0,4,128
480.41,4.7,90,5.6,4,512
1663.91,3.5,90,7.4,12,1024
572.13,4.9,144,5.0,12,64
590.81,4.7,120,5.1,8,256
878.36,3.3,165,7.1,6,64
994.96,3.8,90,5.2,6,128
979.54,3.1,60,6.9,12,256
1142.3,4.7,90,5.3,16,128
1448.74,4.2,60,7.0,8,1024
394.07,3.0,165,5.5,6,512
951.6,3.7,90,5.3,8,256
200.46,3.6,60,5.2,4,1024
799.81,3.3,144,5.9,4,512
639.93,4.4,165,5.8,12,256
253.1,4.0,144,5.7,12,1024
255.55,3.9,165,7.1,8,1024
248.76,3.1,165,5.0,4,256
355.09,4.3,165,7.3,6,64
703.49,3.5,144,7.2,6,64
949.71,4.0,90,5.1,6,128
747.64,3.3,60,6.7,6,512
363.31,3.6,165,6.1,16,1024
1771.53,4.7,60,5.4,16,256
761.05,3.4,60,6.7,6,512
241.69,4.8,144,5.6,8,128
1198.61,5.0,60,6.8,8,64
1431.06,3.8,144,5.9,8,64
1581.05,4.2,120,7.5,16,64
489.38,4.7,120,7.4,12,512
1142.83,3.8,60,5.7,8,1024
541.65,3.7,90,7.0,6,256
630.89,3.9,144,6.3,12,1024
1703.12,3.8,144,6.2,6,1024
1693.74,4.0,60,6.6,16,256
932.02,3.5,120,5.5,16,256
185.89,4.8,165,5.9,4,512
1946.04,3.4,144,7.2,4,64
884.19,4.8,120,6.6,12,64
1523.88,4.3,60,5.4,12,256
179.07,5.0,165,5.3,8,256
668.92,5.0,144,5.5,12,128
1220.3,3.8,120,6.6,16,512
1828.51,4.3,144,5.4,16,64
1991.0,3.1,120,6.1,12,1024
1634.98,4.3,90,6.9,8,128
1257.22,3.5,120,6.8,4,1024
1642.94,4.9,90,6.7,6,256
317.49,3.7,120,7.4,6,256
1573.27,4.7,90,5.3,4,256
785.85,4.4,144,6.6,12,256
1368.95,4.8,144,7.5,6,1024
1833.26,4.9,165,6.9,12,128
1625.63,3.1,90,6.0,16,128
815.43,3.8,90,5.2,6,1024
1882.76,3.4,90,6.5,12,1024
1695.29,4.2,60,5.9,16,512
174.71,3.6,165,5.7,12,1024
1342.75,3.7,144,7.3,12,512
188.47,4.4,165,5.6,8,128
1250.08,4.0,165,7.5,4,256
1250.01,3.0,144,5.6,12,64
942.47,3.0,120,5.7,8,1024
1923.2,3.1,120,6.8,8,512
925.39,3.5,120,5.6,8,1024
872.03,4.1,60,7.3,6,256
463.09,4.0,60,5.7,4,512
425.79,3.8,165,7.2,12,64
1365.59,3.6,165,7.0,12,512
454.57,3.6,60,6.6,16,256
413.74,3.4,144,5.5,16,512
586.17,3.8,120,7.2,6,64
619.42,4.3,90,6.9,4,256
1722.59,5.0,120,5.1,8,512
1212.1,3.5,60,6.8,4,256
1602.46,4.8,165,6.1,8,256
746.36,3.8,60,7.4,4,512
1547.08,4.6,120,5.4,4,512
777.07,3.2,144,6.5,16,256
1086.71,3.6,120,6.3,12,128
1080.15,3.1,144,5.4,4,64
1552.61,4.8,60,5.0,4,1024
1639.07,3.9,165,6.6,16,128
312.0,3.7,144,5.8,4,64
1070.56,3.1,90,7.2,6,128
670.91,4.0,144,6.1,16,256
1261.64,3.3,144,5.6,8,64
540.66,5.0,120,6.5,16,128
640.06,4.7,120,6.1,16,256
1134.1,4.4,165,6.3,4,64
1742.51,4.3,165,5.9,8,64
1708.73,4.9,165,5.4,8,64
693.03,4.9,90,7.4,12,64
1381.44,4.4,60,6.4,6,128
718.67,3.3,60,6.1,8,256
1661.57,3.7,165,6.4,12,512
1860.71,3.9,165,7.0,8,256
533.72,3.7,120,6.5,16,512
1463.61,3.2,60,5.9,8,64
370.18,3.9,120,7.2,16,64
1870.94,4.2,120,6.4,16,128
1718.82,4.4,144,6.9,8,512
370.69,4.6,60,6.1,4,1024
1806.19,4.2,144,7.1,6,256
1543.25,3.3,165,6.4,12,64
1530.23,3.9,120,7.1,16,64
1673.6,3.2,165,5.1,4,256
407.18,4.4,90,7.1,16,256
1686.48,4.3,60,5.6,8,512
398.35,4.0,144,7.3,16,64
336.5,3.5,144,6.2,16,512
1834.01,3.1,165,5.4,12,64
1567.77,4.5,165,5.6,16,128
680.6,3.1,144,5.3,12,1024
1304.96,3.3,60,5.0,8,64
241.92,3.4,60,5.5,6,64
1677.71,3.2,90,5.4,16,512
684.95,4.9,90,5.8,8,256
288.85,3.9,144,6.9,8,64
1965.61,4.4,144,5.7,6,64
1437.02,3.1,120,5.6,12,64
1900.34,4.5,144,6.9,8,512
1068.95,4.8,165,5.1,4,256
1648.86,3.1,60,6.4,16,256
1992.68,3.4,165,7.3,12,128
247.22,4.6,60,6.0,16,128
975.64,3.3,60,6.0,8,256
1733.99,3.5,60,6.5,12,512
1505.51,3.8,90,6.2,4,64
305.55,3.4,60,5.6,6,64
916.61,4.8,60,7.3,6,128
208.98,3.0,90,6.3,6,256
1255.84,4.4,165,7.4,6,256
874.73,4.4,120,6.2,4,256
733.56,4.4,120,6.7,8,128
210.87,4.7,144,5.3,8,128
1638.88,3.3,144,6.9,8,1024
1425.14,3.8,120,6.2,16,128
223.23,3.6,60,7.2,12,512
1656.45,4.4,60,5.7,16,1024
